date,visitor,home,box_score
"Sat, Nov 1, 2025",Sacramento Kings,Milwaukee Bucks,/boxscores/202511010MIL.html
"Sat, Nov 1, 2025",Minnesota Timberwolves,Charlotte Hornets,/boxscores/202511010CHO.html
"Sat, Nov 1, 2025",Golden State Warriors,Indiana Pacers,/boxscores/202511010IND.html
"Sat, Nov 1, 2025",Orlando Magic,Washington Wizards,/boxscores/202511010WAS.html
"Sat, Nov 1, 2025",Houston Rockets,Boston Celtics,/boxscores/202511010BOS.html
"Sat, Nov 1, 2025",Dallas Mavericks,Detroit Pistons,/boxscores/202511010DET.html
"Sun, Nov 2, 2025",New Orleans Pelicans,Oklahoma City Thunder,/boxscores/202511020OKC.html
"Sun, Nov 2, 2025",Philadelphia 76ers,Brooklyn Nets,/boxscores/202511020BRK.html
"Sun, Nov 2, 2025",Utah Jazz,Charlotte Hornets,/boxscores/202511020CHO.html
"Sun, Nov 2, 2025",Atlanta Hawks,Cleveland Cavaliers,/boxscores/202511020CLE.html
"Sun, Nov 2, 2025",Memphis Grizzlies,Toronto Raptors,/boxscores/202511020TOR.html
"Sun, Nov 2, 2025",Chicago Bulls,New York Knicks,/boxscores/202511020NYK.html
"Sun, Nov 2, 2025",San Antonio Spurs,Phoenix Suns,/boxscores/202511020PHO.html
"Sun, Nov 2, 2025",Miami Heat,Los Angeles Lakers,/boxscores/202511020LAL.html
"Mon, Nov 3, 2025",Minnesota Timberwolves,Brooklyn Nets,/boxscores/202511030BRK.html
"Mon, Nov 3, 2025",Milwaukee Bucks,Indiana Pacers,/boxscores/202511030IND.html
"Mon, Nov 3, 2025",Utah Jazz,Boston Celtics,/boxscores/202511030BOS.html
"Mon, Nov 3, 2025",Washington Wizards,New York Knicks,/boxscores/202511030NYK.html
"Mon, Nov 3, 2025",Dallas Mavericks,Houston Rockets,/boxscores/202511030HOU.html
"Mon, Nov 3, 2025",Detroit Pistons,Memphis Grizzlies,/boxscores/202511030MEM.html
"Mon, Nov 3, 2025",Sacramento Kings,Denver Nuggets,/boxscores/202511030DEN.html
"Mon, Nov 3, 2025",Los Angeles Lakers,Portland Trail Blazers,/boxscores/202511030POR.html
"Mon, Nov 3, 2025",Miami Heat,Los Angeles Clippers,/boxscores/202511030LAC.html
"Tue, Nov 4, 2025",Milwaukee Bucks,Toronto Raptors,/boxscores/202511040TOR.html
"Tue, Nov 4, 2025",Orlando Magic,Atlanta Hawks,/boxscores/202511040ATL.html
"Tue, Nov 4, 2025",Philadelphia 76ers,Chicago Bulls,/boxscores/202511040CHI.html
"Tue, Nov 4, 2025",Charlotte Hornets,New Orleans Pelicans,/boxscores/202511040NOP.html
"Tue, Nov 4, 2025",Phoenix Suns,Golden State Warriors,/boxscores/202511040GSW.html
"Tue, Nov 4, 2025",Oklahoma City Thunder,Los Angeles Clippers,/boxscores/202511040LAC.html
"Wed, Nov 5, 2025",Philadelphia 76ers,Cleveland Cavaliers,/boxscores/202511050CLE.html
"Wed, Nov 5, 2025",Utah Jazz,Detroit Pistons,/boxscores/202511050DET.html
"Wed, Nov 5, 2025",Brooklyn Nets,Indiana Pacers,/boxscores/202511050IND.html
"Wed, Nov 5, 2025",Washington Wizards,Boston Celtics,/boxscores/202511050BOS.html
"Wed, Nov 5, 2025",Minnesota Timberwolves,New York Knicks,/boxscores/202511050NYK.html
"Wed, Nov 5, 2025",Houston Rockets,Memphis Grizzlies,/boxscores/202511050MEM.html
"Wed, Nov 5, 2025",New Orleans Pelicans,Dallas Mavericks,/boxscores/202511050DAL.html
"Wed, Nov 5, 2025",Miami Heat,Denver Nuggets,/boxscores/202511050DEN.html
"Wed, Nov 5, 2025",San Antonio Spurs,Los Angeles Lakers,/boxscores/202511050LAL.html
"Wed, Nov 5, 2025",Oklahoma City Thunder,Portland Trail Blazers,/boxscores/202511050POR.html
"Wed, Nov 5, 2025",Golden State Warriors,Sacramento Kings,/boxscores/202511050SAC.html
"Thu, Nov 6, 2025",Los Angeles Clippers,Phoenix Suns,/boxscores/202511060PHO.html
"Fri, Nov 7, 2025",Boston Celtics,Orlando Magic,/boxscores/202511070ORL.html
"Fri, Nov 7, 2025",Cleveland Cavaliers,Washington Wizards,/boxscores/202511070WAS.html
"Fri, Nov 7, 2025",Toronto Raptors,Atlanta Hawks,/boxscores/202511070ATL.html
"Fri, Nov 7, 2025",Detroit Pistons,Brooklyn Nets,/boxscores/202511070BRK.html
"Fri, Nov 7, 2025",Houston Rockets,San Antonio Spurs,/boxscores/202511070SAS.html
"Fri, Nov 7, 2025",Dallas Mavericks,Memphis Grizzlies,/boxscores/202511070MEM.html
"Fri, Nov 7, 2025",Charlotte Hornets,Miami Heat,/boxscores/202511070MIA.html
"Fri, Nov 7, 2025",Chicago Bulls,Milwaukee Bucks,/boxscores/202511070MIL.html
"Fri, Nov 7, 2025",Utah Jazz,Minnesota Timberwolves,/boxscores/202511070MIN.html
"Fri, Nov 7, 2025",Golden State Warriors,Denver Nuggets,/boxscores/202511070DEN.html
"Fri, Nov 7, 2025",Oklahoma City Thunder,Sacramento Kings,/boxscores/202511070SAC.html
"Sat, Nov 8, 2025",Dallas Mavericks,Washington Wizards,/boxscores/202511080WAS.html
"Sat, Nov 8, 2025",Toronto Raptors,Philadelphia 76ers,/boxscores/202511080PHI.html
"Sat, Nov 8, 2025",Los Angeles Lakers,Atlanta Hawks,/boxscores/202511080ATL.html
"Sat, Nov 8, 2025",Chicago Bulls,Cleveland Cavaliers,/boxscores/202511080CLE.html
"Sat, Nov 8, 2025",Portland Trail Blazers,Miami Heat,/boxscores/202511080MIA.html
"Sat, Nov 8, 2025",New Orleans Pelicans,San Antonio Spurs,/boxscores/202511080SAS.html
"Sat, Nov 8, 2025",Indiana Pacers,Denver Nuggets,/boxscores/202511080DEN.html
"Sat, Nov 8, 2025",Phoenix Suns,Los Angeles Clippers,/boxscores/202511080LAC.html
"Sun, Nov 9, 2025",Houston Rockets,Milwaukee Bucks,/boxscores/202511090MIL.html
"Sun, Nov 9, 2025",Oklahoma City Thunder,Memphis Grizzlies,/boxscores/202511090MEM.html
"Sun, Nov 9, 2025",Brooklyn Nets,New York Knicks,/boxscores/202511090NYK.html
"Sun, Nov 9, 2025",Boston Celtics,Orlando Magic,/boxscores/202511090ORL.html
"Sun, Nov 9, 2025",Detroit Pistons,Philadelphia 76ers,/boxscores/202511090PHI.html
"Sun, Nov 9, 2025",Indiana Pacers,Golden State Warriors,/boxscores/202511090GSW.html
"Sun, Nov 9, 2025",Minnesota Timberwolves,Sacramento Kings,/boxscores/202511090SAC.html
"Mon, Nov 10, 2025",Los Angeles Lakers,Charlotte Hornets,/boxscores/202511100CHO.html
"Mon, Nov 10, 2025",Washington Wizards,Detroit Pistons,/boxscores/202511100DET.html
"Mon, Nov 10, 2025",Portland Trail Blazers,Orlando Magic,/boxscores/202511100ORL.html
"Mon, Nov 10, 2025",Cleveland Cavaliers,Miami Heat,/boxscores/202511100MIA.html
"Mon, Nov 10, 2025",San Antonio Spurs,Chicago Bulls,/boxscores/202511100CHI.html
"Mon, Nov 10, 2025",Milwaukee Bucks,Dallas Mavericks,/boxscores/202511100DAL.html
"Mon, Nov 10, 2025",New Orleans Pelicans,Phoenix Suns,/boxscores/202511100PHO.html
"Mon, Nov 10, 2025",Minnesota Timberwolves,Utah Jazz,/boxscores/202511100UTA.html
"Mon, Nov 10, 2025",Atlanta Hawks,Los Angeles Clippers,/boxscores/202511100LAC.html
"Tue, Nov 11, 2025",Toronto Raptors,Brooklyn Nets,/boxscores/202511110BRK.html
"Tue, Nov 11, 2025",Memphis Grizzlies,New York Knicks,/boxscores/202511110NYK.html
"Tue, Nov 11, 2025",Golden State Warriors,Oklahoma City Thunder,/boxscores/202511110OKC.html
"Tue, Nov 11, 2025",Boston Celtics,Philadelphia 76ers,/boxscores/202511110PHI.html
"Tue, Nov 11, 2025",Indiana Pacers,Utah Jazz,/boxscores/202511110UTA.html
"Tue, Nov 11, 2025",Denver Nuggets,Sacramento Kings,/boxscores/202511110SAC.html
"Wed, Nov 12, 2025",Milwaukee Bucks,Charlotte Hornets,/boxscores/202511120CHO.html
"Wed, Nov 12, 2025",Chicago Bulls,Detroit Pistons,/boxscores/202511120DET.html
"Wed, Nov 12, 2025",Orlando Magic,New York Knicks,/boxscores/202511120NYK.html
"Wed, Nov 12, 2025",Memphis Grizzlies,Boston Celtics,/boxscores/202511120BOS.html
"Wed, Nov 12, 2025",Cleveland Cavaliers,Miami Heat,/boxscores/202511120MIA.html
"Wed, Nov 12, 2025",Washington Wizards,Houston Rockets,/boxscores/202511120HOU.html
"Wed, Nov 12, 2025",Portland Trail Blazers,New Orleans Pelicans,/boxscores/202511120NOP.html
"Wed, Nov 12, 2025",Golden State Warriors,San Antonio Spurs,/boxscores/202511120SAS.html
"Wed, Nov 12, 2025",Phoenix Suns,Dallas Mavericks,/boxscores/202511120DAL.html
"Wed, Nov 12, 2025",Los Angeles Lakers,Oklahoma City Thunder,/boxscores/202511120OKC.html
"Wed, Nov 12, 2025",Atlanta Hawks,Sacramento Kings,/boxscores/202511120SAC.html
"Wed, Nov 12, 2025",Denver Nuggets,Los Angeles Clippers,/boxscores/202511120LAC.html
"Thu, Nov 13, 2025",Toronto Raptors,Cleveland Cavaliers,/boxscores/202511130CLE.html
"Thu, Nov 13, 2025",Indiana Pacers,Phoenix Suns,/boxscores/202511130PHO.html
"Thu, Nov 13, 2025",Atlanta Hawks,Utah Jazz,/boxscores/202511130UTA.html
"Fri, Nov 14, 2025",Miami Heat,New York Knicks,/boxscores/202511140NYK.html
"Fri, Nov 14, 2025",Brooklyn Nets,Orlando Magic,/boxscores/202511140ORL.html
"Fri, Nov 14, 2025",Philadelphia 76ers,Detroit Pistons,/boxscores/202511140DET.html
"Fri, Nov 14, 2025",Portland Trail Blazers,Houston Rockets,/boxscores/202511140HOU.html
"Fri, Nov 14, 2025",Charlotte Hornets,Milwaukee Bucks,/boxscores/202511140MIL.html
"Fri, Nov 14, 2025",Sacramento Kings,Minnesota Timberwolves,/boxscores/202511140MIN.html
"Fri, Nov 14, 2025",Los Angeles Lakers,New Orleans Pelicans,/boxscores/202511140NOP.html
"Fri, Nov 14, 2025",Los Angeles Clippers,Dallas Mavericks,/boxscores/202511140DAL.html
"Fri, Nov 14, 2025",Golden State Warriors,San Antonio Spurs,/boxscores/202511140SAS.html
"Sat, Nov 15, 2025",Memphis Grizzlies,Cleveland Cavaliers,/boxscores/202511150CLE.html
"Sat, Nov 15, 2025",Oklahoma City Thunder,Charlotte Hornets,/boxscores/202511150CHO.html
"Sat, Nov 15, 2025",Toronto Raptors,Indiana Pacers,/boxscores/202511150IND.html
"Sat, Nov 15, 2025",Los Angeles Lakers,Milwaukee Bucks,/boxscores/202511150MIL.html
"Sat, Nov 15, 2025",Denver Nuggets,Minnesota Timberwolves,/boxscores/202511150MIN.html
"Sun, Nov 16, 2025",Los Angeles Clippers,Boston Celtics,/boxscores/202511160BOS.html
"Sun, Nov 16, 2025",Sacramento Kings,San Antonio Spurs,/boxscores/202511160SAS.html
"Sun, Nov 16, 2025",Brooklyn Nets,Washington Wizards,/boxscores/202511160WAS.html
"Sun, Nov 16, 2025",Orlando Magic,Houston Rockets,/boxscores/202511160HOU.html
"Sun, Nov 16, 2025",Golden State Warriors,New Orleans Pelicans,/boxscores/202511160NOP.html
"Sun, Nov 16, 2025",Portland Trail Blazers,Dallas Mavericks,/boxscores/202511160DAL.html
"Sun, Nov 16, 2025",Atlanta Hawks,Phoenix Suns,/boxscores/202511160PHO.html
"Sun, Nov 16, 2025",Chicago Bulls,Utah Jazz,/boxscores/202511160UTA.html
"Mon, Nov 17, 2025",Milwaukee Bucks,Cleveland Cavaliers,/boxscores/202511170CLE.html
"Mon, Nov 17, 2025",Indiana Pacers,Detroit Pistons,/boxscores/202511170DET.html
"Mon, Nov 17, 2025",Los Angeles Clippers,Philadelphia 76ers,/boxscores/202511170PHI.html
"Mon, Nov 17, 2025",New York Knicks,Miami Heat,/boxscores/202511170MIA.html
"Mon, Nov 17, 2025",Charlotte Hornets,Toronto Raptors,/boxscores/202511170TOR.html
"Mon, Nov 17, 2025",Dallas Mavericks,Minnesota Timberwolves,/boxscores/202511170MIN.html
"Mon, Nov 17, 2025",Oklahoma City Thunder,New Orleans Pelicans,/boxscores/202511170NOP.html
"Mon, Nov 17, 2025",Chicago Bulls,Denver Nuggets,/boxscores/202511170DEN.html
"Tue, Nov 18, 2025",Golden State Warriors,Orlando Magic,/boxscores/202511180ORL.html
"Tue, Nov 18, 2025",Detroit Pistons,Atlanta Hawks,/boxscores/202511180ATL.html
"Tue, Nov 18, 2025",Boston Celtics,Brooklyn Nets,/boxscores/202511180BRK.html
"Tue, Nov 18, 2025",Memphis Grizzlies,San Antonio Spurs,/boxscores/202511180SAS.html
"Tue, Nov 18, 2025",Utah Jazz,Los Angeles Lakers,/boxscores/202511180LAL.html
"Tue, Nov 18, 2025",Phoenix Suns,Portland Trail Blazers,/boxscores/202511180POR.html
"Wed, Nov 19, 2025",Houston Rockets,Cleveland Cavaliers,/boxscores/202511190CLE.html
"Wed, Nov 19, 2025",Charlotte Hornets,Indiana Pacers,/boxscores/202511190IND.html
"Wed, Nov 19, 2025",Toronto Raptors,Philadelphia 76ers,/boxscores/202511190PHI.html
"Wed, Nov 19, 2025",Golden State Warriors,Miami Heat,/boxscores/202511190MIA.html
"Wed, Nov 19, 2025",Washington Wizards,Minnesota Timberwolves,/boxscores/202511190MIN.html
"Wed, Nov 19, 2025",Denver Nuggets,New Orleans Pelicans,/boxscores/202511190NOP.html
"Wed, Nov 19, 2025",Sacramento Kings,Oklahoma City Thunder,/boxscores/202511190OKC.html
"Wed, Nov 19, 2025",New York Knicks,Dallas Mavericks,/boxscores/202511190DAL.html
"Wed, Nov 19, 2025",Chicago Bulls,Portland Trail Blazers,/boxscores/202511190POR.html
"Thu, Nov 20, 2025",Los Angeles Clippers,Orlando Magic,/boxscores/202511200ORL.html
"Thu, Nov 20, 2025",Sacramento Kings,Memphis Grizzlies,/boxscores/202511200MEM.html
"Thu, Nov 20, 2025",Philadelphia 76ers,Milwaukee Bucks,/boxscores/202511200MIL.html
"Thu, Nov 20, 2025",Atlanta Hawks,San Antonio Spurs,/boxscores/202511200SAS.html
"Fri, Nov 21, 2025",Indiana Pacers,Cleveland Cavaliers,/boxscores/202511210CLE.html
"Fri, Nov 21, 2025",Brooklyn Nets,Boston Celtics,/boxscores/202511210BOS.html
"Fri, Nov 21, 2025",Washington Wizards,Toronto Raptors,/boxscores/202511210TOR.html
"Fri, Nov 21, 2025",Miami Heat,Chicago Bulls,/boxscores/202511210CHI.html
"Fri, Nov 21, 2025",New Orleans Pelicans,Dallas Mavericks,/boxscores/202511210DAL.html
"Fri, Nov 21, 2025",Minnesota Timberwolves,Phoenix Suns,/boxscores/202511210PHO.html
"Fri, Nov 21, 2025",Denver Nuggets,Houston Rockets,/boxscores/202511210HOU.html
"Fri, Nov 21, 2025",Portland Trail Blazers,Golden State Warriors,/boxscores/202511210GSW.html
"Fri, Nov 21, 2025",Oklahoma City Thunder,Utah Jazz,/boxscores/202511210UTA.html
"Sat, Nov 22, 2025",Los Angeles Clippers,Charlotte Hornets,/boxscores/202511220CHO.html
"Sat, Nov 22, 2025",New York Knicks,Orlando Magic,/boxscores/202511220ORL.html
"Sat, Nov 22, 2025",Atlanta Hawks,New Orleans Pelicans,/boxscores/202511220NOP.html
"Sat, Nov 22, 2025",Washington Wizards,Chicago Bulls,/boxscores/202511220CHI.html
"Sat, Nov 22, 2025",Detroit Pistons,Milwaukee Bucks,/boxscores/202511220MIL.html
"Sat, Nov 22, 2025",Memphis Grizzlies,Dallas Mavericks,/boxscores/202511220DAL.html
"Sat, Nov 22, 2025",Sacramento Kings,Denver Nuggets,/boxscores/202511220DEN.html
"Sun, Nov 23, 2025",Miami Heat,Philadelphia 76ers,/boxscores/202511230PHI.html
"Sun, Nov 23, 2025",Charlotte Hornets,Atlanta Hawks,/boxscores/202511230ATL.html
"Sun, Nov 23, 2025",Orlando Magic,Boston Celtics,/boxscores/202511230BOS.html
"Sun, Nov 23, 2025",Los Angeles Clippers,Cleveland Cavaliers,/boxscores/202511230CLE.html
"Sun, Nov 23, 2025",Brooklyn Nets,Toronto Raptors,/boxscores/202511230TOR.html
"Sun, Nov 23, 2025",Portland Trail Blazers,Oklahoma City Thunder,/boxscores/202511230OKC.html
"Sun, Nov 23, 2025",San Antonio Spurs,Phoenix Suns,/boxscores/202511230PHO.html
"Sun, Nov 23, 2025",Los Angeles Lakers,Utah Jazz,/boxscores/202511230UTA.html
"Mon, Nov 24, 2025",Detroit Pistons,Indiana Pacers,/boxscores/202511240IND.html
"Mon, Nov 24, 2025",Cleveland Cavaliers,Toronto Raptors,/boxscores/202511240TOR.html
"Mon, Nov 24, 2025",New York Knicks,Brooklyn Nets,/boxscores/202511240BRK.html
"Mon, Nov 24, 2025",Dallas Mavericks,Miami Heat,/boxscores/202511240MIA.html
"Mon, Nov 24, 2025",Denver Nuggets,Memphis Grizzlies,/boxscores/202511240MEM.html
"Mon, Nov 24, 2025",Portland Trail Blazers,Milwaukee Bucks,/boxscores/202511240MIL.html
"Mon, Nov 24, 2025",Chicago Bulls,New Orleans Pelicans,/boxscores/202511240NOP.html
"Mon, Nov 24, 2025",Houston Rockets,Phoenix Suns,/boxscores/202511240PHO.html
"Mon, Nov 24, 2025",Utah Jazz,Golden State Warriors,/boxscores/202511240GSW.html
"Mon, Nov 24, 2025",Minnesota Timberwolves,Sacramento Kings,/boxscores/202511240SAC.html
"Tue, Nov 25, 2025",Atlanta Hawks,Washington Wizards,/boxscores/202511250WAS.html
"Tue, Nov 25, 2025",Orlando Magic,Philadelphia 76ers,/boxscores/202511250PHI.html
"Tue, Nov 25, 2025",Los Angeles Clippers,Los Angeles Lakers,/boxscores/202511250LAL.html
"Wed, Nov 26, 2025",Detroit Pistons,Boston Celtics,/boxscores/202511260BOS.html
"Wed, Nov 26, 2025",New York Knicks,Charlotte Hornets,/boxscores/202511260CHO.html
"Wed, Nov 26, 2025",Milwaukee Bucks,Miami Heat,/boxscores/202511260MIA.html
"Wed, Nov 26, 2025",Minnesota Timberwolves,Oklahoma City Thunder,/boxscores/202511260OKC.html
"Wed, Nov 26, 2025",Indiana Pacers,Toronto Raptors,/boxscores/202511260TOR.html
"Wed, Nov 26, 2025",Memphis Grizzlies,New Orleans Pelicans,/boxscores/202511260NOP.html
"Wed, Nov 26, 2025",Houston Rockets,Golden State Warriors,/boxscores/202511260GSW.html
"Wed, Nov 26, 2025",San Antonio Spurs,Portland Trail Blazers,/boxscores/202511260POR.html
"Wed, Nov 26, 2025",Phoenix Suns,Sacramento Kings,/boxscores/202511260SAC.html
"Fri, Nov 28, 2025",Cleveland Cavaliers,Atlanta Hawks,/boxscores/202511280ATL.html
"Fri, Nov 28, 2025",Philadelphia 76ers,Brooklyn Nets,/boxscores/202511280BRK.html
"Fri, Nov 28, 2025",Chicago Bulls,Charlotte Hornets,/boxscores/202511280CHO.html
"Fri, Nov 28, 2025",Orlando Magic,Detroit Pistons,/boxscores/202511280DET.html
"Fri, Nov 28, 2025",Washington Wizards,Indiana Pacers,/boxscores/202511280IND.html
"Fri, Nov 28, 2025",Milwaukee Bucks,New York Knicks,/boxscores/202511280NYK.html
"Fri, Nov 28, 2025",San Antonio Spurs,Denver Nuggets,/boxscores/202511280DEN.html
"Fri, Nov 28, 2025",Phoenix Suns,Oklahoma City Thunder,/boxscores/202511280OKC.html
"Fri, Nov 28, 2025",Sacramento Kings,Utah Jazz,/boxscores/202511280UTA.html
"Fri, Nov 28, 2025",Memphis Grizzlies,Los Angeles Clippers,/boxscores/202511280LAC.html
"Fri, Nov 28, 2025",Dallas Mavericks,Los Angeles Lakers,/boxscores/202511280LAL.html
"Sat, Nov 29, 2025",Boston Celtics,Minnesota Timberwolves,/boxscores/202511290MIN.html
"Sat, Nov 29, 2025",Toronto Raptors,Charlotte Hornets,/boxscores/202511290CHO.html
"Sat, Nov 29, 2025",Chicago Bulls,Indiana Pacers,/boxscores/202511290IND.html
"Sat, Nov 29, 2025",Detroit Pistons,Miami Heat,/boxscores/202511290MIA.html
"Sat, Nov 29, 2025",Brooklyn Nets,Milwaukee Bucks,/boxscores/202511290MIL.html
"Sat, Nov 29, 2025",New Orleans Pelicans,Golden State Warriors,/boxscores/202511290GSW.html
"Sat, Nov 29, 2025",Denver Nuggets,Phoenix Suns,/boxscores/202511290PHO.html
"Sat, Nov 29, 2025",Dallas Mavericks,Los Angeles Clippers,/boxscores/202511290LAC.html
"Sun, Nov 30, 2025",Houston Rockets,Utah Jazz,/boxscores/202511300UTA.html
"Sun, Nov 30, 2025",Boston Celtics,Cleveland Cavaliers,/boxscores/202511300CLE.html
"Sun, Nov 30, 2025",Toronto Raptors,New York Knicks,/boxscores/202511300NYK.html
"Sun, Nov 30, 2025",Atlanta Hawks,Philadelphia 76ers,/boxscores/202511300PHI.html
"Sun, Nov 30, 2025",Oklahoma City Thunder,Portland Trail Blazers,/boxscores/202511300POR.html
"Sun, Nov 30, 2025",San Antonio Spurs,Minnesota Timberwolves,/boxscores/202511300MIN.html
"Sun, Nov 30, 2025",Memphis Grizzlies,Sacramento Kings,/boxscores/202511300SAC.html
"Sun, Nov 30, 2025",New Orleans Pelicans,Los Angeles Lakers,/boxscores/202511300LAL.html
"Mon, Dec 1, 2025",Atlanta Hawks,Detroit Pistons,/boxscores/202512010DET.html
"Mon, Dec 1, 2025",Cleveland Cavaliers,Indiana Pacers,/boxscores/202512010IND.html
"Mon, Dec 1, 2025",Milwaukee Bucks,Washington Wizards,/boxscores/202512010WAS.html
"Mon, Dec 1, 2025",Charlotte Hornets,Brooklyn Nets,/boxscores/202512010BRK.html
"Mon, Dec 1, 2025",Los Angeles Clippers,Miami Heat,/boxscores/202512010MIA.html
"Mon, Dec 1, 2025",Chicago Bulls,Orlando Magic,/boxscores/202512010ORL.html
"Mon, Dec 1, 2025",Dallas Mavericks,Denver Nuggets,/boxscores/202512010DEN.html
"Mon, Dec 1, 2025",Houston Rockets,Utah Jazz,/boxscores/202512010UTA.html
"Mon, Dec 1, 2025",Phoenix Suns,Los Angeles Lakers,/boxscores/202512010LAL.html
"Tue, Dec 2, 2025",Washington Wizards,Philadelphia 76ers,/boxscores/202512020PHI.html
"Tue, Dec 2, 2025",Portland Trail Blazers,Toronto Raptors,/boxscores/202512020TOR.html
"Tue, Dec 2, 2025",New York Knicks,Boston Celtics,/boxscores/202512020BOS.html
"Tue, Dec 2, 2025",Minnesota Timberwolves,New Orleans Pelicans,/boxscores/202512020NOP.html
"Tue, Dec 2, 2025",Memphis Grizzlies,San Antonio Spurs,/boxscores/202512020SAS.html
"Tue, Dec 2, 2025",Oklahoma City Thunder,Golden State Warriors,/boxscores/202512020GSW.html
"Wed, Dec 3, 2025",Portland Trail Blazers,Cleveland Cavaliers,/boxscores/202512030CLE.html
"Wed, Dec 3, 2025",Denver Nuggets,Indiana Pacers,/boxscores/202512030IND.html
"Wed, Dec 3, 2025",San Antonio Spurs,Orlando Magic,/boxscores/202512030ORL.html
"Wed, Dec 3, 2025",Los Angeles Clippers,Atlanta Hawks,/boxscores/202512030ATL.html
"Wed, Dec 3, 2025",Charlotte Hornets,New York Knicks,/boxscores/202512030NYK.html
"Wed, Dec 3, 2025",Brooklyn Nets,Chicago Bulls,/boxscores/202512030CHI.html
"Wed, Dec 3, 2025",Sacramento Kings,Houston Rockets,/boxscores/202512030HOU.html
"Wed, Dec 3, 2025",Detroit Pistons,Milwaukee Bucks,/boxscores/202512030MIL.html
"Wed, Dec 3, 2025",Miami Heat,Dallas Mavericks,/boxscores/202512030DAL.html
"Thu, Dec 4, 2025",Golden State Warriors,Philadelphia 76ers,/boxscores/202512040PHI.html
"Thu, Dec 4, 2025",Boston Celtics,Washington Wizards,/boxscores/202512040WAS.html
"Thu, Dec 4, 2025",Utah Jazz,Brooklyn Nets,/boxscores/202512040BRK.html
"Thu, Dec 4, 2025",Los Angeles Lakers,Toronto Raptors,/boxscores/202512040TOR.html
"Thu, Dec 4, 2025",Minnesota Timberwolves,New Orleans Pelicans,/boxscores/202512040NOP.html
"Fri, Dec 5, 2025",Los Angeles Lakers,Boston Celtics,/boxscores/202512050BOS.html
"Fri, Dec 5, 2025",Miami Heat,Orlando Magic,/boxscores/202512050ORL.html
"Fri, Dec 5, 2025",Denver Nuggets,Atlanta Hawks,/boxscores/202512050ATL.html
"Fri, Dec 5, 2025",San Antonio Spurs,Cleveland Cavaliers,/boxscores/202512050CLE.html
"Fri, Dec 5, 2025",Portland Trail Blazers,Detroit Pistons,/boxscores/202512050DET.html
"Fri, Dec 5, 2025",Utah Jazz,New York Knicks,/boxscores/202512050NYK.html
"Fri, Dec 5, 2025",Charlotte Hornets,Toronto Raptors,/boxscores/202512050TOR.html
"Fri, Dec 5, 2025",Indiana Pacers,Chicago Bulls,/boxscores/202512050CHI.html
"Fri, Dec 5, 2025",Phoenix Suns,Houston Rockets,/boxscores/202512050HOU.html
"Fri, Dec 5, 2025",Los Angeles Clippers,Memphis Grizzlies,/boxscores/202512050MEM.html
"Fri, Dec 5, 2025",Philadelphia 76ers,Milwaukee Bucks,/boxscores/202512050MIL.html
"Fri, Dec 5, 2025",Dallas Mavericks,Oklahoma City Thunder,/boxscores/202512050OKC.html
"Sat, Dec 6, 2025",New Orleans Pelicans,Brooklyn Nets,/boxscores/202512060BRK.html
"Sat, Dec 6, 2025",Atlanta Hawks,Washington Wizards,/boxscores/202512060WAS.html
"Sat, Dec 6, 2025",Golden State Warriors,Cleveland Cavaliers,/boxscores/202512060CLE.html
"Sat, Dec 6, 2025",Milwaukee Bucks,Detroit Pistons,/boxscores/202512060DET.html
"Sat, Dec 6, 2025",Sacramento Kings,Miami Heat,/boxscores/202512060MIA.html
"Sat, Dec 6, 2025",Los Angeles Clippers,Minnesota Timberwolves,/boxscores/202512060MIN.html
"Sat, Dec 6, 2025",Houston Rockets,Dallas Mavericks,/boxscores/202512060DAL.html
"Sun, Dec 7, 2025",Orlando Magic,New York Knicks,/boxscores/202512070NYK.html
"Sun, Dec 7, 2025",Boston Celtics,Toronto Raptors,/boxscores/202512070TOR.html
"Sun, Dec 7, 2025",Denver Nuggets,Charlotte Hornets,/boxscores/202512070CHO.html
"Sun, Dec 7, 2025",Portland Trail Blazers,Memphis Grizzlies,/boxscores/202512070MEM.html
"Sun, Dec 7, 2025",Golden State Warriors,Chicago Bulls,/boxscores/202512070CHI.html
"Sun, Dec 7, 2025",Los Angeles Lakers,Philadelphia 76ers,/boxscores/202512070PHI.html
"Sun, Dec 7, 2025",Oklahoma City Thunder,Utah Jazz,/boxscores/202512070UTA.html
"Mon, Dec 8, 2025",Sacramento Kings,Indiana Pacers,/boxscores/202512080IND.html
"Mon, Dec 8, 2025",Phoenix Suns,Minnesota Timberwolves,/boxscores/202512080MIN.html
"Mon, Dec 8, 2025",San Antonio Spurs,New Orleans Pelicans,/boxscores/202512080NOP.html
"Tue, Dec 9, 2025",Miami Heat,Orlando Magic,/boxscores/202512090ORL.html
"Tue, Dec 9, 2025",New York Knicks,Toronto Raptors,/boxscores/202512090TOR.html
"Wed, Dec 10, 2025",Phoenix Suns,Oklahoma City Thunder,/boxscores/202512100OKC.html
"Wed, Dec 10, 2025",San Antonio Spurs,Los Angeles Lakers,/boxscores/202512100LAL.html
"Thu, Dec 11, 2025",Los Angeles Clippers,Houston Rockets,/boxscores/202512110HOU.html
"Thu, Dec 11, 2025",Boston Celtics,Milwaukee Bucks,/boxscores/202512110MIL.html
"Thu, Dec 11, 2025",Portland Trail Blazers,New Orleans Pelicans,/boxscores/202512110NOP.html
"Thu, Dec 11, 2025",Denver Nuggets,Sacramento Kings,/boxscores/202512110SAC.html
"Fri, Dec 12, 2025",Chicago Bulls,Charlotte Hornets,/boxscores/202512120CHO.html
"Fri, Dec 12, 2025",Atlanta Hawks,Detroit Pistons,/boxscores/202512120DET.html
"Fri, Dec 12, 2025",Indiana Pacers,Philadelphia 76ers,/boxscores/202512120PHI.html
"Fri, Dec 12, 2025",Cleveland Cavaliers,Washington Wizards,/boxscores/202512120WAS.html
"Fri, Dec 12, 2025",Utah Jazz,Memphis Grizzlies,/boxscores/202512120MEM.html
"Fri, Dec 12, 2025",Brooklyn Nets,Dallas Mavericks,/boxscores/202512120DAL.html
"Fri, Dec 12, 2025",Minnesota Timberwolves,Golden State Warriors,/boxscores/202512120GSW.html
"Sat, Dec 13, 2025",New York Knicks,Orlando Magic,/boxscores/202512130ORL.html
"Sat, Dec 13, 2025",San Antonio Spurs,Oklahoma City Thunder,/boxscores/202512130OKC.html
"Sun, Dec 14, 2025",Washington Wizards,Indiana Pacers,/boxscores/202512140IND.html
"Sun, Dec 14, 2025",Charlotte Hornets,Cleveland Cavaliers,/boxscores/202512140CLE.html
"Sun, Dec 14, 2025",Philadelphia 76ers,Atlanta Hawks,/boxscores/202512140ATL.html
"Sun, Dec 14, 2025",Milwaukee Bucks,Brooklyn Nets,/boxscores/202512140BRK.html
"Sun, Dec 14, 2025",New Orleans Pelicans,Chicago Bulls,/boxscores/202512140CHI.html
"Sun, Dec 14, 2025",Sacramento Kings,Minnesota Timberwolves,/boxscores/202512140MIN.html
"Sun, Dec 14, 2025",Los Angeles Lakers,Phoenix Suns,/boxscores/202512140PHO.html
"Sun, Dec 14, 2025",Golden State Warriors,Portland Trail Blazers,/boxscores/202512140POR.html
"Mon, Dec 15, 2025",Detroit Pistons,Boston Celtics,/boxscores/202512150BOS.html
"Mon, Dec 15, 2025",Toronto Raptors,Miami Heat,/boxscores/202512150MIA.html
"Mon, Dec 15, 2025",Dallas Mavericks,Utah Jazz,/boxscores/202512150UTA.html
"Mon, Dec 15, 2025",Houston Rockets,Denver Nuggets,/boxscores/202512150DEN.html
"Mon, Dec 15, 2025",Memphis Grizzlies,Los Angeles Clippers,/boxscores/202512150LAC.html
"Tue, Dec 16, 2025",San Antonio Spurs,New York Knicks,/boxscores/202512160NYK.html
"Wed, Dec 17, 2025",Cleveland Cavaliers,Chicago Bulls,/boxscores/202512170CHI.html
"Wed, Dec 17, 2025",Memphis Grizzlies,Minnesota Timberwolves,/boxscores/202512170MIN.html
"Thu, Dec 18, 2025",Atlanta Hawks,Charlotte Hornets,/boxscores/202512180CHO.html
"Thu, Dec 18, 2025",New York Knicks,Indiana Pacers,/boxscores/202512180IND.html
"Thu, Dec 18, 2025",Miami Heat,Brooklyn Nets,/boxscores/202512180BRK.html
"Thu, Dec 18, 2025",Toronto Raptors,Milwaukee Bucks,/boxscores/202512180MIL.html
"Thu, Dec 18, 2025",Houston Rockets,New Orleans Pelicans,/boxscores/202512180NOP.html
"Thu, Dec 18, 2025",Los Angeles Clippers,Oklahoma City Thunder,/boxscores/202512180OKC.html
"Thu, Dec 18, 2025",Washington Wizards,San Antonio Spurs,/boxscores/202512180SAS.html
"Thu, Dec 18, 2025",Detroit Pistons,Dallas Mavericks,/boxscores/202512180DAL.html
"Thu, Dec 18, 2025",Orlando Magic,Denver Nuggets,/boxscores/202512180DEN.html
"Thu, Dec 18, 2025",Golden State Warriors,Phoenix Suns,/boxscores/202512180PHO.html
"Thu, Dec 18, 2025",Los Angeles Lakers,Utah Jazz,/boxscores/202512180UTA.html
"Thu, Dec 18, 2025",Sacramento Kings,Portland Trail Blazers,/boxscores/202512180POR.html
"Fri, Dec 19, 2025",Miami Heat,Boston Celtics,/boxscores/202512190BOS.html
"Fri, Dec 19, 2025",Philadelphia 76ers,New York Knicks,/boxscores/202512190NYK.html
"Fri, Dec 19, 2025",San Antonio Spurs,Atlanta Hawks,/boxscores/202512190ATL.html
"Fri, Dec 19, 2025",Chicago Bulls,Cleveland Cavaliers,/boxscores/202512190CLE.html
"Fri, Dec 19, 2025",Oklahoma City Thunder,Minnesota Timberwolves,/boxscores/202512190MIN.html
"Sat, Dec 20, 2025",Houston Rockets,Denver Nuggets,/boxscores/202512200DEN.html
"Sat, Dec 20, 2025",Indiana Pacers,New Orleans Pelicans,/boxscores/202512200NOP.html
"Sat, Dec 20, 2025",Dallas Mavericks,Philadelphia 76ers,/boxscores/202512200PHI.html
"Sat, Dec 20, 2025",Boston Celtics,Toronto Raptors,/boxscores/202512200TOR.html
"Sat, Dec 20, 2025",Charlotte Hornets,Detroit Pistons,/boxscores/202512200DET.html
"Sat, Dec 20, 2025",Washington Wizards,Memphis Grizzlies,/boxscores/202512200MEM.html
"Sat, Dec 20, 2025",Phoenix Suns,Golden State Warriors,/boxscores/202512200GSW.html
"Sat, Dec 20, 2025",Orlando Magic,Utah Jazz,/boxscores/202512200UTA.html
"Sat, Dec 20, 2025",Portland Trail Blazers,Sacramento Kings,/boxscores/202512200SAC.html
"Sat, Dec 20, 2025",Los Angeles Lakers,Los Angeles Clippers,/boxscores/202512200LAC.html
"Sun, Dec 21, 2025",Chicago Bulls,Atlanta Hawks,/boxscores/202512210ATL.html
"Sun, Dec 21, 2025",Toronto Raptors,Brooklyn Nets,/boxscores/202512210BRK.html
"Sun, Dec 21, 2025",Miami Heat,New York Knicks,/boxscores/202512210NYK.html
"Sun, Dec 21, 2025",Milwaukee Bucks,Minnesota Timberwolves,/boxscores/202512210MIN.html
"Sun, Dec 21, 2025",San Antonio Spurs,Washington Wizards,/boxscores/202512210WAS.html
"Sun, Dec 21, 2025",Houston Rockets,Sacramento Kings,/boxscores/202512210SAC.html
"Mon, Dec 22, 2025",Charlotte Hornets,Cleveland Cavaliers,/boxscores/202512220CLE.html
"Mon, Dec 22, 2025",Indiana Pacers,Boston Celtics,/boxscores/202512220BOS.html
"Mon, Dec 22, 2025",Dallas Mavericks,New Orleans Pelicans,/boxscores/202512220NOP.html
"Mon, Dec 22, 2025",Utah Jazz,Denver Nuggets,/boxscores/202512220DEN.html
"Mon, Dec 22, 2025",Memphis Grizzlies,Oklahoma City Thunder,/boxscores/202512220OKC.html
"Mon, Dec 22, 2025",Orlando Magic,Golden State Warriors,/boxscores/202512220GSW.html
"Mon, Dec 22, 2025",Detroit Pistons,Portland Trail Blazers,/boxscores/202512220POR.html
"Tue, Dec 23, 2025",Washington Wizards,Charlotte Hornets,/boxscores/202512230CHO.html
"Tue, Dec 23, 2025",Brooklyn Nets,Philadelphia 76ers,/boxscores/202512230PHI.html
"Tue, Dec 23, 2025",Chicago Bulls,Atlanta Hawks,/boxscores/202512230ATL.html
"Tue, Dec 23, 2025",New Orleans Pelicans,Cleveland Cavaliers,/boxscores/202512230CLE.html
"Tue, Dec 23, 2025",Milwaukee Bucks,Indiana Pacers,/boxscores/202512230IND.html
"Tue, Dec 23, 2025",Toronto Raptors,Miami Heat,/boxscores/202512230MIA.html
"Tue, Dec 23, 2025",Denver Nuggets,Dallas Mavericks,/boxscores/202512230DAL.html
"Tue, Dec 23, 2025",New York Knicks,Minnesota Timberwolves,/boxscores/202512230MIN.html
"Tue, Dec 23, 2025",Oklahoma City Thunder,San Antonio Spurs,/boxscores/202512230SAS.html
"Tue, Dec 23, 2025",Los Angeles Lakers,Phoenix Suns,/boxscores/202512230PHO.html
"Tue, Dec 23, 2025",Memphis Grizzlies,Utah Jazz,/boxscores/202512230UTA.html
"Tue, Dec 23, 2025",Orlando Magic,Portland Trail Blazers,/boxscores/202512230POR.html
"Tue, Dec 23, 2025",Detroit Pistons,Sacramento Kings,/boxscores/202512230SAC.html
"Tue, Dec 23, 2025",Houston Rockets,Los Angeles Clippers,/boxscores/202512230LAC.html
"Thu, Dec 25, 2025",Cleveland Cavaliers,New York Knicks,/boxscores/202512250NYK.html
"Thu, Dec 25, 2025",San Antonio Spurs,Oklahoma City Thunder,/boxscores/202512250OKC.html
"Thu, Dec 25, 2025",Dallas Mavericks,Golden State Warriors,/boxscores/202512250GSW.html
"Thu, Dec 25, 2025",Houston Rockets,Los Angeles Lakers,/boxscores/202512250LAL.html
"Thu, Dec 25, 2025",Minnesota Timberwolves,Denver Nuggets,/boxscores/202512250DEN.html
"Fri, Dec 26, 2025",Miami Heat,Atlanta Hawks,/boxscores/202512260ATL.html
"Fri, Dec 26, 2025",Boston Celtics,Indiana Pacers,/boxscores/202512260IND.html
"Fri, Dec 26, 2025",Charlotte Hornets,Orlando Magic,/boxscores/202512260ORL.html
"Fri, Dec 26, 2025",Toronto Raptors,Washington Wizards,/boxscores/202512260WAS.html
"Fri, Dec 26, 2025",Philadelphia 76ers,Chicago Bulls,/boxscores/202512260CHI.html
"Fri, Dec 26, 2025",Milwaukee Bucks,Memphis Grizzlies,/boxscores/202512260MEM.html
"Fri, Dec 26, 2025",Phoenix Suns,New Orleans Pelicans,/boxscores/202512260NOP.html
"Fri, Dec 26, 2025",Detroit Pistons,Utah Jazz,/boxscores/202512260UTA.html
"Fri, Dec 26, 2025",Los Angeles Clippers,Portland Trail Blazers,/boxscores/202512260POR.html
"Sat, Dec 27, 2025",Dallas Mavericks,Sacramento Kings,/boxscores/202512270SAC.html
"Sat, Dec 27, 2025",Phoenix Suns,New Orleans Pelicans,/boxscores/202512270NOP.html
"Sat, Dec 27, 2025",Denver Nuggets,Orlando Magic,/boxscores/202512270ORL.html
"Sat, Dec 27, 2025",New York Knicks,Atlanta Hawks,/boxscores/202512270ATL.html
"Sat, Dec 27, 2025",Milwaukee Bucks,Chicago Bulls,/boxscores/202512270CHI.html
"Sat, Dec 27, 2025",Cleveland Cavaliers,Houston Rockets,/boxscores/202512270HOU.html
"Sat, Dec 27, 2025",Indiana Pacers,Miami Heat,/boxscores/202512270MIA.html
"Sat, Dec 27, 2025",Brooklyn Nets,Minnesota Timberwolves,/boxscores/202512270MIN.html
"Sat, Dec 27, 2025",Utah Jazz,San Antonio Spurs,/boxscores/202512270SAS.html
"Sun, Dec 28, 2025",Philadelphia 76ers,Oklahoma City Thunder,/boxscores/202512280OKC.html
"Sun, Dec 28, 2025",Golden State Warriors,Toronto Raptors,/boxscores/202512280TOR.html
"Sun, Dec 28, 2025",Boston Celtics,Portland Trail Blazers,/boxscores/202512280POR.html
"Sun, Dec 28, 2025",Memphis Grizzlies,Washington Wizards,/boxscores/202512280WAS.html
"Sun, Dec 28, 2025",Detroit Pistons,Los Angeles Clippers,/boxscores/202512280LAC.html
"Sun, Dec 28, 2025",Sacramento Kings,Los Angeles Lakers,/boxscores/202512280LAL.html
"Mon, Dec 29, 2025",Milwaukee Bucks,Charlotte Hornets,/boxscores/202512290CHO.html
"Mon, Dec 29, 2025",Phoenix Suns,Washington Wizards,/boxscores/202512290WAS.html
"Mon, Dec 29, 2025",Golden State Warriors,Brooklyn Nets,/boxscores/202512290BRK.html
"Mon, Dec 29, 2025",Denver Nuggets,Miami Heat,/boxscores/202512290MIA.html
"Mon, Dec 29, 2025",Orlando Magic,Toronto Raptors,/boxscores/202512290TOR.html
"Mon, Dec 29, 2025",Minnesota Timberwolves,Chicago Bulls,/boxscores/202512290CHI.html
"Mon, Dec 29, 2025",Indiana Pacers,Houston Rockets,/boxscores/202512290HOU.html
"Mon, Dec 29, 2025",New York Knicks,New Orleans Pelicans,/boxscores/202512290NOP.html
"Mon, Dec 29, 2025",Atlanta Hawks,Oklahoma City Thunder,/boxscores/202512290OKC.html
"Mon, Dec 29, 2025",Cleveland Cavaliers,San Antonio Spurs,/boxscores/202512290SAS.html
"Mon, Dec 29, 2025",Dallas Mavericks,Portland Trail Blazers,/boxscores/202512290POR.html
"Tue, Dec 30, 2025",Philadelphia 76ers,Memphis Grizzlies,/boxscores/202512300MEM.html
"Tue, Dec 30, 2025",Boston Celtics,Utah Jazz,/boxscores/202512300UTA.html
"Tue, Dec 30, 2025",Detroit Pistons,Los Angeles Lakers,/boxscores/202512300LAL.html
"Tue, Dec 30, 2025",Sacramento Kings,Los Angeles Clippers,/boxscores/202512300LAC.html
"Wed, Dec 31, 2025",Golden State Warriors,Charlotte Hornets,/boxscores/202512310CHO.html
"Wed, Dec 31, 2025",Minnesota Timberwolves,Atlanta Hawks,/boxscores/202512310ATL.html
"Wed, Dec 31, 2025",Orlando Magic,Indiana Pacers,/boxscores/202512310IND.html
"Wed, Dec 31, 2025",Phoenix Suns,Cleveland Cavaliers,/boxscores/202512310CLE.html
"Wed, Dec 31, 2025",New Orleans Pelicans,Chicago Bulls,/boxscores/202512310CHI.html
"Wed, Dec 31, 2025",New York Knicks,San Antonio Spurs,/boxscores/202512310SAS.html
"Wed, Dec 31, 2025",Denver Nuggets,Toronto Raptors,/boxscores/202512310TOR.html
"Wed, Dec 31, 2025",Washington Wizards,Milwaukee Bucks,/boxscores/202512310MIL.html
"Wed, Dec 31, 2025",Portland Trail Blazers,Oklahoma City Thunder,/boxscores/202512310OKC.html
"Thu, Jan 1, 2026",Houston Rockets,Brooklyn Nets,/boxscores/202601010BRK.html
"Thu, Jan 1, 2026",Miami Heat,Detroit Pistons,/boxscores/202601010DET.html
"Thu, Jan 1, 2026",Philadelphia 76ers,Dallas Mavericks,/boxscores/202601010DAL.html
"Thu, Jan 1, 2026",Boston Celtics,Sacramento Kings,/boxscores/202601010SAC.html
"Thu, Jan 1, 2026",Utah Jazz,Los Angeles Clippers,/boxscores/202601010LAC.html
"Fri, Jan 2, 2026",San Antonio Spurs,Indiana Pacers,/boxscores/202601020IND.html
"Fri, Jan 2, 2026",Brooklyn Nets,Washington Wizards,/boxscores/202601020WAS.html
"Fri, Jan 2, 2026",Denver Nuggets,Cleveland Cavaliers,/boxscores/202601020CLE.html
"Fri, Jan 2, 2026",Atlanta Hawks,New York Knicks,/boxscores/202601020NYK.html
"Fri, Jan 2, 2026",Orlando Magic,Chicago Bulls,/boxscores/202601020CHI.html
"Fri, Jan 2, 2026",Charlotte Hornets,Milwaukee Bucks,/boxscores/202601020MIL.html
"Fri, Jan 2, 2026",Portland Trail Blazers,New Orleans Pelicans,/boxscores/202601020NOP.html
"Fri, Jan 2, 2026",Sacramento Kings,Phoenix Suns,/boxscores/202601020PHO.html
"Fri, Jan 2, 2026",Oklahoma City Thunder,Golden State Warriors,/boxscores/202601020GSW.html
"Fri, Jan 2, 2026",Memphis Grizzlies,Los Angeles Lakers,/boxscores/202601020LAL.html
"Sat, Jan 3, 2026",Minnesota Timberwolves,Miami Heat,/boxscores/202601030MIA.html
"Sat, Jan 3, 2026",Philadelphia 76ers,New York Knicks,/boxscores/202601030NYK.html
"Sat, Jan 3, 2026",Atlanta Hawks,Toronto Raptors,/boxscores/202601030TOR.html
"Sat, Jan 3, 2026",Charlotte Hornets,Chicago Bulls,/boxscores/202601030CHI.html
"Sat, Jan 3, 2026",Portland Trail Blazers,San Antonio Spurs,/boxscores/202601030SAS.html
"Sat, Jan 3, 2026",Houston Rockets,Dallas Mavericks,/boxscores/202601030DAL.html
"Sat, Jan 3, 2026",Utah Jazz,Golden State Warriors,/boxscores/202601030GSW.html
"Sat, Jan 3, 2026",Boston Celtics,Los Angeles Clippers,/boxscores/202601030LAC.html
"Sun, Jan 4, 2026",Detroit Pistons,Cleveland Cavaliers,/boxscores/202601040CLE.html
"Sun, Jan 4, 2026",Indiana Pacers,Orlando Magic,/boxscores/202601040ORL.html
"Sun, Jan 4, 2026",Denver Nuggets,Brooklyn Nets,/boxscores/202601040BRK.html
"Sun, Jan 4, 2026",New Orleans Pelicans,Miami Heat,/boxscores/202601040MIA.html
"Sun, Jan 4, 2026",Minnesota Timberwolves,Washington Wizards,/boxscores/202601040WAS.html
"Sun, Jan 4, 2026",Oklahoma City Thunder,Phoenix Suns,/boxscores/202601040PHO.html
"Sun, Jan 4, 2026",Milwaukee Bucks,Sacramento Kings,/boxscores/202601040SAC.html
"Sun, Jan 4, 2026",Memphis Grizzlies,Los Angeles Lakers,/boxscores/202601040LAL.html
"Mon, Jan 5, 2026",New York Knicks,Detroit Pistons,/boxscores/202601050DET.html
"Mon, Jan 5, 2026",Chicago Bulls,Boston Celtics,/boxscores/202601050BOS.html
"Mon, Jan 5, 2026",Atlanta Hawks,Toronto Raptors,/boxscores/202601050TOR.html
"Mon, Jan 5, 2026",Phoenix Suns,Houston Rockets,/boxscores/202601050HOU.html
"Mon, Jan 5, 2026",Charlotte Hornets,Oklahoma City Thunder,/boxscores/202601050OKC.html
"Mon, Jan 5, 2026",Denver Nuggets,Philadelphia 76ers,/boxscores/202601050PHI.html
"Mon, Jan 5, 2026",Golden State Warriors,Los Angeles Clippers,/boxscores/202601050LAC.html
"Mon, Jan 5, 2026",Utah Jazz,Portland Trail Blazers,/boxscores/202601050POR.html
"Tue, Jan 6, 2026",Cleveland Cavaliers,Indiana Pacers,/boxscores/202601060IND.html
"Tue, Jan 6, 2026",Orlando Magic,Washington Wizards,/boxscores/202601060WAS.html
"Tue, Jan 6, 2026",San Antonio Spurs,Memphis Grizzlies,/boxscores/202601060MEM.html
"Tue, Jan 6, 2026",Miami Heat,Minnesota Timberwolves,/boxscores/202601060MIN.html
"Tue, Jan 6, 2026",Los Angeles Lakers,New Orleans Pelicans,/boxscores/202601060NOP.html
"Tue, Jan 6, 2026",Dallas Mavericks,Sacramento Kings,/boxscores/202601060SAC.html
"Wed, Jan 7, 2026",Denver Nuggets,Boston Celtics,/boxscores/202601070BOS.html
"Wed, Jan 7, 2026",Toronto Raptors,Charlotte Hornets,/boxscores/202601070CHO.html
"Wed, Jan 7, 2026",Chicago Bulls,Detroit Pistons,/boxscores/202601070DET.html
"Wed, Jan 7, 2026",Washington Wizards,Philadelphia 76ers,/boxscores/202601070PHI.html
"Wed, Jan 7, 2026",New Orleans Pelicans,Atlanta Hawks,/boxscores/202601070ATL.html
"Wed, Jan 7, 2026",Orlando Magic,Brooklyn Nets,/boxscores/202601070BRK.html
"Wed, Jan 7, 2026",Los Angeles Clippers,New York Knicks,/boxscores/202601070NYK.html
"Wed, Jan 7, 2026",Phoenix Suns,Memphis Grizzlies,/boxscores/202601070MEM.html
"Wed, Jan 7, 2026",Utah Jazz,Oklahoma City Thunder,/boxscores/202601070OKC.html
"Wed, Jan 7, 2026",Los Angeles Lakers,San Antonio Spurs,/boxscores/202601070SAS.html
"Wed, Jan 7, 2026",Milwaukee Bucks,Golden State Warriors,/boxscores/202601070GSW.html
"Wed, Jan 7, 2026",Houston Rockets,Portland Trail Blazers,/boxscores/202601070POR.html
"Thu, Jan 8, 2026",Indiana Pacers,Charlotte Hornets,/boxscores/202601080CHO.html
"Thu, Jan 8, 2026",Cleveland Cavaliers,Minnesota Timberwolves,/boxscores/202601080MIN.html
"Thu, Jan 8, 2026",Dallas Mavericks,Utah Jazz,/boxscores/202601080UTA.html
"Fri, Jan 9, 2026",Toronto Raptors,Boston Celtics,/boxscores/202601090BOS.html
"Fri, Jan 9, 2026",Philadelphia 76ers,Orlando Magic,/boxscores/202601090ORL.html
"Fri, Jan 9, 2026",New Orleans Pelicans,Washington Wizards,/boxscores/202601090WAS.html
"Fri, Jan 9, 2026",Los Angeles Clippers,Brooklyn Nets,/boxscores/202601090BRK.html
"Fri, Jan 9, 2026",Oklahoma City Thunder,Memphis Grizzlies,/boxscores/202601090MEM.html
"Fri, Jan 9, 2026",Atlanta Hawks,Denver Nuggets,/boxscores/202601090DEN.html
"Fri, Jan 9, 2026",New York Knicks,Phoenix Suns,/boxscores/202601090PHO.html
"Fri, Jan 9, 2026",Sacramento Kings,Golden State Warriors,/boxscores/202601090GSW.html
"Fri, Jan 9, 2026",Houston Rockets,Portland Trail Blazers,/boxscores/202601090POR.html
"Fri, Jan 9, 2026",Milwaukee Bucks,Los Angeles Lakers,/boxscores/202601090LAL.html
"Sat, Jan 10, 2026",Minnesota Timberwolves,Cleveland Cavaliers,/boxscores/202601100CLE.html
"Sat, Jan 10, 2026",Miami Heat,Indiana Pacers,/boxscores/202601100IND.html
"Sat, Jan 10, 2026",Los Angeles Clippers,Detroit Pistons,/boxscores/202601100DET.html
"Sat, Jan 10, 2026",San Antonio Spurs,Boston Celtics,/boxscores/202601100BOS.html
"Sat, Jan 10, 2026",Dallas Mavericks,Chicago Bulls,/boxscores/202601100CHI.html
"Sat, Jan 10, 2026",Charlotte Hornets,Utah Jazz,/boxscores/202601100UTA.html
"Sun, Jan 11, 2026",New Orleans Pelicans,Orlando Magic,/boxscores/202601110ORL.html
"Sun, Jan 11, 2026",Brooklyn Nets,Memphis Grizzlies,/boxscores/202601110MEM.html
"Sun, Jan 11, 2026",New York Knicks,Portland Trail Blazers,/boxscores/202601110POR.html
"Sun, Jan 11, 2026",Philadelphia 76ers,Toronto Raptors,/boxscores/202601110TOR.html
"Sun, Jan 11, 2026",San Antonio Spurs,Minnesota Timberwolves,/boxscores/202601110MIN.html
"Sun, Jan 11, 2026",Miami Heat,Oklahoma City Thunder,/boxscores/202601110OKC.html
"Sun, Jan 11, 2026",Milwaukee Bucks,Denver Nuggets,/boxscores/202601110DEN.html
"Sun, Jan 11, 2026",Washington Wizards,Phoenix Suns,/boxscores/202601110PHO.html
"Sun, Jan 11, 2026",Atlanta Hawks,Golden State Warriors,/boxscores/202601110GSW.html
"Sun, Jan 11, 2026",Houston Rockets,Sacramento Kings,/boxscores/202601110SAC.html
"Mon, Jan 12, 2026",Utah Jazz,Cleveland Cavaliers,/boxscores/202601120CLE.html
"Mon, Jan 12, 2026",Boston Celtics,Indiana Pacers,/boxscores/202601120IND.html
"Mon, Jan 12, 2026",Philadelphia 76ers,Toronto Raptors,/boxscores/202601120TOR.html
"Mon, Jan 12, 2026",Brooklyn Nets,Dallas Mavericks,/boxscores/202601120DAL.html
"Mon, Jan 12, 2026",Los Angeles Lakers,Sacramento Kings,/boxscores/202601120SAC.html
"Mon, Jan 12, 2026",Charlotte Hornets,Los Angeles Clippers,/boxscores/202601120LAC.html
"Tue, Jan 13, 2026",Phoenix Suns,Miami Heat,/boxscores/202601130MIA.html
"Tue, Jan 13, 2026",Chicago Bulls,Houston Rockets,/boxscores/202601130HOU.html
"Tue, Jan 13, 2026",Minnesota Timberwolves,Milwaukee Bucks,/boxscores/202601130MIL.html
"Tue, Jan 13, 2026",Denver Nuggets,New Orleans Pelicans,/boxscores/202601130NOP.html
"Tue, Jan 13, 2026",San Antonio Spurs,Oklahoma City Thunder,/boxscores/202601130OKC.html
"Tue, Jan 13, 2026",Atlanta Hawks,Los Angeles Lakers,/boxscores/202601130LAL.html
"Tue, Jan 13, 2026",Portland Trail Blazers,Golden State Warriors,/boxscores/202601130GSW.html
"Tue, Oct 21, 2025",Houston Rockets,Oklahoma City Thunder,/boxscores/202510210OKC.html
"Tue, Oct 21, 2025",Golden State Warriors,Los Angeles Lakers,/boxscores/202510210LAL.html
"Wed, Oct 22, 2025",Brooklyn Nets,Charlotte Hornets,/boxscores/202510220CHO.html
"Wed, Oct 22, 2025",Cleveland Cavaliers,New York Knicks,/boxscores/202510220NYK.html
"Wed, Oct 22, 2025",Miami Heat,Orlando Magic,/boxscores/202510220ORL.html
"Wed, Oct 22, 2025",Philadelphia 76ers,Boston Celtics,/boxscores/202510220BOS.html
"Wed, Oct 22, 2025",Toronto Raptors,Atlanta Hawks,/boxscores/202510220ATL.html
"Wed, Oct 22, 2025",Detroit Pistons,Chicago Bulls,/boxscores/202510220CHI.html
"Wed, Oct 22, 2025",New Orleans Pelicans,Memphis Grizzlies,/boxscores/202510220MEM.html
"Wed, Oct 22, 2025",Washington Wizards,Milwaukee Bucks,/boxscores/202510220MIL.html
"Wed, Oct 22, 2025",Los Angeles Clippers,Utah Jazz,/boxscores/202510220UTA.html
"Wed, Oct 22, 2025",San Antonio Spurs,Dallas Mavericks,/boxscores/202510220DAL.html
"Wed, Oct 22, 2025",Minnesota Timberwolves,Portland Trail Blazers,/boxscores/202510220POR.html
"Wed, Oct 22, 2025",Sacramento Kings,Phoenix Suns,/boxscores/202510220PHO.html
"Thu, Oct 23, 2025",Oklahoma City Thunder,Indiana Pacers,/boxscores/202510230IND.html
"Thu, Oct 23, 2025",Denver Nuggets,Golden State Warriors,/boxscores/202510230GSW.html
"Fri, Oct 24, 2025",Milwaukee Bucks,Toronto Raptors,/boxscores/202510240TOR.html
"Fri, Oct 24, 2025",Atlanta Hawks,Orlando Magic,/boxscores/202510240ORL.html
"Fri, Oct 24, 2025",Cleveland Cavaliers,Brooklyn Nets,/boxscores/202510240BRK.html
"Fri, Oct 24, 2025",Boston Celtics,New York Knicks,/boxscores/202510240NYK.html
"Fri, Oct 24, 2025",Detroit Pistons,Houston Rockets,/boxscores/202510240HOU.html
"Fri, Oct 24, 2025",San Antonio Spurs,New Orleans Pelicans,/boxscores/202510240NOP.html
"Fri, Oct 24, 2025",Miami Heat,Memphis Grizzlies,/boxscores/202510240MEM.html
"Fri, Oct 24, 2025",Washington Wizards,Dallas Mavericks,/boxscores/202510240DAL.html
"Fri, Oct 24, 2025",Minnesota Timberwolves,Los Angeles Lakers,/boxscores/202510240LAL.html
"Fri, Oct 24, 2025",Golden State Warriors,Portland Trail Blazers,/boxscores/202510240POR.html
"Fri, Oct 24, 2025",Utah Jazz,Sacramento Kings,/boxscores/202510240SAC.html
"Fri, Oct 24, 2025",Phoenix Suns,Los Angeles Clippers,/boxscores/202510240LAC.html
"Sat, Oct 25, 2025",Chicago Bulls,Orlando Magic,/boxscores/202510250ORL.html
"Sat, Oct 25, 2025",Oklahoma City Thunder,Atlanta Hawks,/boxscores/202510250ATL.html
"Sat, Oct 25, 2025",Charlotte Hornets,Philadelphia 76ers,/boxscores/202510250PHI.html
"Sat, Oct 25, 2025",Indiana Pacers,Memphis Grizzlies,/boxscores/202510250MEM.html
"Sat, Oct 25, 2025",Phoenix Suns,Denver Nuggets,/boxscores/202510250DEN.html
"Sun, Oct 26, 2025",Brooklyn Nets,San Antonio Spurs,/boxscores/202510260SAS.html
"Sun, Oct 26, 2025",Boston Celtics,Detroit Pistons,/boxscores/202510260DET.html
"Sun, Oct 26, 2025",Charlotte Hornets,Washington Wizards,/boxscores/202510260WAS.html
"Sun, Oct 26, 2025",New York Knicks,Miami Heat,/boxscores/202510260MIA.html
"Sun, Oct 26, 2025",Milwaukee Bucks,Cleveland Cavaliers,/boxscores/202510260CLE.html
"Sun, Oct 26, 2025",Indiana Pacers,Minnesota Timberwolves,/boxscores/202510260MIN.html
"Sun, Oct 26, 2025",Toronto Raptors,Dallas Mavericks,/boxscores/202510260DAL.html
"Sun, Oct 26, 2025",Los Angeles Lakers,Sacramento Kings,/boxscores/202510260SAC.html
"Sun, Oct 26, 2025",Portland Trail Blazers,Los Angeles Clippers,/boxscores/202510260LAC.html
"Mon, Oct 27, 2025",Cleveland Cavaliers,Detroit Pistons,/boxscores/202510270DET.html
"Mon, Oct 27, 2025",Orlando Magic,Philadelphia 76ers,/boxscores/202510270PHI.html
"Mon, Oct 27, 2025",Atlanta Hawks,Chicago Bulls,/boxscores/202510270CHI.html
"Mon, Oct 27, 2025",Brooklyn Nets,Houston Rockets,/boxscores/202510270HOU.html
"Mon, Oct 27, 2025",Boston Celtics,New Orleans Pelicans,/boxscores/202510270NOP.html
"Mon, Oct 27, 2025",Toronto Raptors,San Antonio Spurs,/boxscores/202510270SAS.html
"Mon, Oct 27, 2025",Oklahoma City Thunder,Dallas Mavericks,/boxscores/202510270DAL.html
"Mon, Oct 27, 2025",Phoenix Suns,Utah Jazz,/boxscores/202510270UTA.html
"Mon, Oct 27, 2025",Denver Nuggets,Minnesota Timberwolves,/boxscores/202510270MIN.html
"Mon, Oct 27, 2025",Memphis Grizzlies,Golden State Warriors,/boxscores/202510270GSW.html
"Mon, Oct 27, 2025",Portland Trail Blazers,Los Angeles Lakers,/boxscores/202510270LAL.html
"Tue, Oct 28, 2025",Philadelphia 76ers,Washington Wizards,/boxscores/202510280WAS.html
"Tue, Oct 28, 2025",Charlotte Hornets,Miami Heat,/boxscores/202510280MIA.html
"Tue, Oct 28, 2025",New York Knicks,Milwaukee Bucks,/boxscores/202510280MIL.html
"Tue, Oct 28, 2025",Sacramento Kings,Oklahoma City Thunder,/boxscores/202510280OKC.html
"Tue, Oct 28, 2025",Los Angeles Clippers,Golden State Warriors,/boxscores/202510280GSW.html
"Wed, Oct 29, 2025",Houston Rockets,Toronto Raptors,/boxscores/202510290TOR.html
"Wed, Oct 29, 2025",Cleveland Cavaliers,Boston Celtics,/boxscores/202510290BOS.html
"Wed, Oct 29, 2025",Orlando Magic,Detroit Pistons,/boxscores/202510290DET.html
"Wed, Oct 29, 2025",Atlanta Hawks,Brooklyn Nets,/boxscores/202510290BRK.html
"Wed, Oct 29, 2025",Sacramento Kings,Chicago Bulls,/boxscores/202510290CHI.html
"Wed, Oct 29, 2025",Indiana Pacers,Dallas Mavericks,/boxscores/202510290DAL.html
"Wed, Oct 29, 2025",Portland Trail Blazers,Utah Jazz,/boxscores/202510290UTA.html
"Wed, Oct 29, 2025",New Orleans Pelicans,Denver Nuggets,/boxscores/202510290DEN.html
"Wed, Oct 29, 2025",Los Angeles Lakers,Minnesota Timberwolves,/boxscores/202510290MIN.html
"Wed, Oct 29, 2025",Memphis Grizzlies,Phoenix Suns,/boxscores/202510290PHO.html
"Thu, Oct 30, 2025",Orlando Magic,Charlotte Hornets,/boxscores/202510300CHO.html
"Thu, Oct 30, 2025",Golden State Warriors,Milwaukee Bucks,/boxscores/202510300MIL.html
"Thu, Oct 30, 2025",Washington Wizards,Oklahoma City Thunder,/boxscores/202510300OKC.html
"Thu, Oct 30, 2025",Miami Heat,San Antonio Spurs,/boxscores/202510300SAS.html
"Fri, Oct 31, 2025",Atlanta Hawks,Indiana Pacers,/boxscores/202510310IND.html
"Fri, Oct 31, 2025",Boston Celtics,Philadelphia 76ers,/boxscores/202510310PHI.html
"Fri, Oct 31, 2025",Toronto Raptors,Cleveland Cavaliers,/boxscores/202510310CLE.html
"Fri, Oct 31, 2025",New York Knicks,Chicago Bulls,/boxscores/202510310CHI.html
"Fri, Oct 31, 2025",Los Angeles Lakers,Memphis Grizzlies,/boxscores/202510310MEM.html
"Fri, Oct 31, 2025",Utah Jazz,Phoenix Suns,/boxscores/202510310PHO.html
"Fri, Oct 31, 2025",Denver Nuggets,Portland Trail Blazers,/boxscores/202510310POR.html
"Fri, Oct 31, 2025",New Orleans Pelicans,Los Angeles Clippers,/boxscores/202510310LAC.html
